CompanyName;tickers;country;industry;ISIN;
Terna Rette Electrica;TRN.MI;IT;UTL;;
Audax Renovables;ADX.MC;ES;UTL;ES0136463017 ;
Faes Farma;FAE.MC;ES;PHA;ES0134950F36;
Solaria;SLR.MC;ES;UTL;ES0165386014;
Stora Enso Oyj;STERV.HE;FI;MAT;FI0009005961;
Acciona;ANA.MC;ES;CON;ES0125220311;
Acerinox;ACX.MC;ES;MAT;ES0132105018;
ACS Group;ACS.MC;ES;CON;ES0167050915;
Aena;AENA.MC;ES;AIR;ES0105046009;
Amadeus IT Group;AMS.MC;ES;TECH;ES0109067019;
ArcelorMittal;MTS.MC;ES;MAT;LU1598757687;
Banco Sabadell;SAB.MC;ES;BAN;ES0113860A34;
Banco Santander;SAN.MC;ES;BAN;ES0113900J37;
Bankia;BKIA.MC;ES;BAN;ES0113307062;
Bankinter;BKT.MC;ES;BAN;ES0113679I37;
BBVA;BBVA.MC;ES;BAN;ES0113211835;
CaixaBank;CABK.MC;ES;BAN;ES0140609019;
Cellnex Telecom;CLNX.MC;ES;TECH;ES0105066007;
CIE Automotive;CIE.MC;ES;AUT;ES0105630315;
Enagás;ENG.MC;ES;UTL;ES0130960018;
ENCE;ENC.MC;ES;IND;ES0130625512;
Endesa;ELE.MC;ES;UTL;ES0130670112;
Ferrovial;FER.MC;ES;CON;ES0118900010;
Grifols;GRF.MC;ES;PHA;ES0171996087;
IAG;IAG.MC;ES;FLI;ES0177542018;
Iberdrola;IBE.MC;ES;UTL;ES0144580Y14;
Inditex;ITX.MC;ES;RET;ES0148396007;
Indra;IDR.MC;ES;TECH;ES0118594417;
Inmobiliaria Colonial;COL.MC;ES;INM;ES0139140174;
Mapfre;MAP.MC;ES;INS;ES0124244E34;
Mediaset España;TL5.MC;ES;MED;ES0152503035;
Meliá Hotels;MEL.MC;ES;HOT;ES0176252718;
Merlin Properties;MRL.MC;ES;INM;ES0105025003;
Naturgy;NTGY.MC;ES;UTL;ES0116870314;
Red Eléctrica de España;REE.MC;ES;UTL;ES0173093024;
Repsol;REP.MC;ES;OIL;ES0173516115;
Siemens Gamesa;SGRE.MC;ES;IND;ES0143416115;
Técnicas Reunidas;TRE.MC;ES;IND;ES0178165017;
Telefónica;TEF.MC;ES;COM;ES0178430E18;
Viscofan;VIS.MC;ES;FOOD;ES0184262212;
Accor;AC.PA;FR;HOT;;
Air Liquide;AI.PA;FR;CHE;;
Airbus;AIR.PA;FR;IND;;
ArcelorMittal;MT.AS;FR;MAT;;
Atos;ATO.PA;FR;TECH;;
AXA;CS.PA;FR;INS;;
BNP Paribas;BNP.PA;FR;BAN;;
Bouygues;EN.PA;FR;CON;;
Capgemini;CAP.PA;FR;TECH;;
Carrefour;CA.PA;FR;FOOD;;
Crédit Agricole;ACA.PA;FR;BAN;;
Danone;BN.PA;FR;FOOD;;
Dassault Systèmes;DSY.PA;FR;TECH;;
Engie;ENGI.PA;FR;UTL;;
Essilor;EL.PA;FR;HEALTH;;
Hermès;RMS.PA;FR;RET;;
Kering;KER.PA;FR;RET;;
L'Oréal;OR.PA;FR;RET;;
Legrand;LR.PA;FR;IND;;
LVMH;MC.PA;FR;RET;;
Michelin;ML.PA;FR;AUT;;
Orange;ORA.PA;FR;COM;;
Pernod Ricard;RI.PA;FR;FOOD;;
PSA;UG.PA;FR;AUT;;
Publicis;PUB.PA;FR;MED;;
Renault;RNO.PA;FR;AUT;;
Safran;SAF.PA;FR;AIR;;
Saint-Gobain;SGO.PA;FR;IND;;
Sanofi;SAN.PA;FR;PHA;;
Schneider Electric;SU.PA;FR;IND;;
Société Générale;GLE.PA;FR;BAN;;
Sodexo;SW.PA;FR;FOOD;;
STMicroelectronics;STM.PA;FR;IND;;
Thales;HO.PA;FR;IND;;
Total;FP.PA;FR;OIL;;
Unibail-Rodamco-Westfield;URW.AS;FR;INM;;
Veolia;VIE.PA;FR;UTL;;
Vinci;DG.PA;FR;CON;;
Vivendi;VIV.PA;FR;MED;;
Worldline;WLN.PA;FR;TECH;;
Air France–KLM;AF.PA;FR;FLI;;
Alstom;ALO.PA;FR;IND;;
Arkema;AKE.PA;FR;CHE;;
Bureau Veritas;BVI.PA;FR;SER;;
Edenred;EDEN.PA;FR;BAN;;
EDF;EDF.PA;FR;UTL;;
Eiffage;FGR.PA;FR;CON;;
Faurecia;EO.PA;FR;AUT;;
Gecina;GFC.PA;FR;INM;;
Getlink;GET.PA;FR;IND;;
Ingenico;ING.PA;FR;IND;;
Klépierre;LI.PA;FR;INM;;
Natixis;KN.PA;FR;BAN;;
Scor;SCR.PA;FR;INS;;
SES;SESG.PA;FR;COM;;
Solvay;SOLB.BR;BE;CHE;;
Suez Environnement;SEV.PA;FR;UTL;;
Teleperformance;RCF.PA;FR;SER;;
Ubisoft;UBI.PA;FR;SER;;
1&1 Drillisch;DRI.DE;DE;COM;;
Aareal Bank AG;ARL.DE;DE;BAN;;
Alstria office REIT-AG;AOX.DE;DE;INM;;
Aroundtown SA;AT1.DE;DE;INM;;
Aurubis AG;NDA.DE;DE;MAT;;
Axel Springer SE;SPR.DE;DE;MED;;
Bechtle AG;BC8.DE;DE;TECH;;
Brenntag AG;BNR.DE;DE;CHE;;
Commerzbank AG;CBK.DE;DE;BAN;;
CTS Eventim;EVD.DE;DE;BAN;;
Delivery Hero SE;DHER.DE;DE;FOOD;;
Deutsche EuroShop AG;DEQ.DE;DE;INM;;
Deutsche Pfandbriefbank AG;PBB.DE;DE;MED;;
Dürr AG;DUE.DE;DE;AUT;;
Evonik Industries;EVK.DE;DE;CHE;;
Evotec;EVT.DE;DE;HEALTH;;
Fielmann;FIE.DE;DE;MAT;;
Freenet AG;FNTN.DE;DE;COM;;
Fuchs Petrolub SE;FPE.DE;DE;CHE;;
GEA Group;G1A.DE;DE;IND;;
Gerresheimer;GXI.DE;DE;HEALTH;;
Grand City Properties;GYC.DE;DE;INM;;
Hannover Rück SE;HNR1.DE;DE;INS;;
Hella KGaA Hueck & Co.;HLE.DE;DE;AUT;;
Hochtief;HOT.DE;DE;CON;;
Hugo Boss;BOSS.DE;DE;RET;;
Innogy SE;IGY.DE;DE;UTL;;
K+S AG;SDF.DE;DE;MAT;;
KION Group;KGX.DE;DE;MAT;;
Lanxess AG;LXS.DE;DE;CHE;;
LEG Immobilien;LEG.DE;DE;INM;;
Metro AG;B4B.DE;DE;RET;;
MorphoSys;MOR.DE;DE;HEALTH;;
MTU;MTX.DE;DE;IND;;
Nemetschek;NEM.DE;DE;SER;;
Norma Group;NOEJ.DE;DE;SER;;
Osram;OSR.DE;DE;IND;;
ProSiebenSat.1 Media;PSM.DE;DE;MED;;
Puma SE;PUM.DE;DE;RET;;
Qiagen;QIA.DE;DE;HEALTH;;
Rheinmetall;RHM.DE;DE;MAT;;
Rocket Internet;RKET.DE;DE;TECH;;
RTL Group;RRTL.DE;DE;MED;;
Salzgitter AG;SZG.DE;DE;MAT;;
Sartorius AG;SRT.DE;DE;#N/A;;
Schaeffler AG;SHA.DE;DE;AUT;;
Scout24 AG;G24.DE;DE;SER;;
Siemens Healthineers;SHL.DE;DE;HEALTH;;
Siltronic;WAF.DE;DE;#N/A;;
Software AG;SOW.DE;DE;TECH;;
Symrise;SY1.DE;DE;#N/A;;
TAG;TEG.DE;DE;INM;;
Telefónica Germany;O2D.DE;DE;COM;;
Uniper SE;UN01.DE;DE;UTL;;
United Internet;UTDI.DE;DE;COM;;
Wacker Chemie;WCH.DE;DE;CHE;;
Zalando SE;ZAL.DE;DE;RET;;
Adidas;ADS.DE;DE;RET;;
Allianz;ALV.DE;DE;INS;;
BASF;BAS.DE;DE;CHE;;
Bayer;BAYN.DE;DE;PHA;;
Beiersdorf;BEI.DE;DE;#N/A;;
Continental;CON.DE;DE;#N/A;;
Covestro;1COV.DE;DE;CHE;;
Daimler;DAI.DE;DE;#N/A;;
Deutsche Börse;DB1.DE;DE;#N/A;;
Deutsche Post;DPW.DE;DE;TRANS;;
E.ON;EOAN.DE;DE;UTL;;
Fresenius;FRE.DE;DE;HEALTH;;
Fresenius Medical Care;FME.DE;DE;HEALTH;;
HeidelbergCement;HEI.DE;DE;CON;;
Henkel;HEN3.DE;DE;IND;;
Infineon Technologies;IFX.DE;DE;IND;;
Linde;LIN.DE;DE;IND;;
Merck;MRK.DE;DE;PHA;;
MTU Aero Engines;MTX.DE;DE;IND;;
Munich Re;MUV2.DE;DE;INS;;
RWE;RWE.DE;DE;UTL;;
SAP;SAP.DE;DE;TECH;;
Siemens;SIE.DE;DE;IND;;
Volkswagen Group;VOW3.DE;DE;AUT;;
Vonovia;VNA.DE;DE;INM;;
Wirecard;WDI.DE;DE;TECH;;
A2A;A2A.MI;IT;;;
Amplifon;AMP.MI;IT;;;
Atlantia;ATL.MI;IT;TRANS;;
Azimut;AZM.MI;IT;BAN;;
Banca Generali;BGN.MI;IT;BAN;;
Banco BPM;BAMI.MI;IT;BAN;;
BPER Banca;BPE.MI;IT;BAN;;
Brembo;BRE.MI;IT;AUT;;
Buzzi Unicem;BZU.MI;IT;CON;;
Campari;CPR.MI;IT;FOOD;;
CNH Industrial;CNHI.MI;IT;IND;;
Diasorin;DIA.MI;IT;SUP;;
Enel;ENEL.MI;IT;UTL;;
Eni;ENI.MI;IT;OIL;;
Exor;EXO.MI;IT;BAN;;
Ferrari;RACE.MI;IT;AUT;;
Fiat Chrysler Automobiles;FCA.MI;IT;AUT;;
FinecoBank;FBK.MI;IT;BAN;;
Intesa Sanpaolo;ISP.MI;IT;BAN;;
Italgas;IG.MI;IT;UTL;;
Juventus Football Club;JUVE.MI;IT;;;
Leonardo;LDO.MI;IT;IND;;
Mediobanca;MB.MI;IT;BAN;;
Moncler;MONC.MI;IT;RET;;
Pirelli;PIRC.MI;IT;AUT;;
Poste italiane;PST.MI;IT;TRANS;;
Prysmian;PRY.MI;IT;IND;;
Recordati;REC.MI;IT;HEALH;;
Saipem;SPM.MI;IT;IND;;
Salvatore Ferragamo;SFER.MI;IT;RET;;
Snam;SRG.MI;IT;UTL;;
STMicroelectronics;STM.MI;IT;TECH;;
Telecom Italia;TIT.MI;IT;COM;;
Tenaris;TEN.MI;IT;MAT;;
UBI Banca;UBI.MI;IT;BAN;;
UniCredit;UCG.MI;IT;BAN;;
Unipol;UNI.MI;IT;INS;;
UnipolSai;US.MI;IT;INS;;
Accell Group;ACCEL.AS;HO;SER;;
Amsterdam Commodities;ACOMO.AS;HO;FOOD;;
Avantium;AVTX.AS;HO;CHE;;
Basic-Fit;BFIT.AS;HO;SER;;
Beter Bed;BBED.AS;HO;RET;;
Binckbank;BINCK.AS;HO;BAN;;
Brunel International;BRNL.AS;HO;SER;;
Fagron;FAGR.AS;HO;HEALTH;;
Forfarmers;FFARM.AS;HO;MAT;;
Heijmans;HEIJM.AS;HO;CON;;
Hunter Douglas;HDG.AS;HO;RET;;
ICT Group;ICT.AS;HO;TECH;;
Kas Bank;KA.AS;HO;BAN;;
Kendrion;KENDR.AS;HO;IND;;
Kiadis;KDS.AS;HO;HEALTH;;
Lucas Bols;BOLS.AS;HO;FOOD;;
Nedap;NEDAP.AS;HO;IND;;
NSI NV;NSI.AS;HO;RET;;
Ordina;ORDI.AS;HO;TECH;;
Pharming Group;PHARM.AS;HO;HEALTH;;
SIF Holding;SIFG.AS;HO;IND;;
V Lanschot Kempen;VLK.AS;HO;BAN;;
Vastned;VASTN.AS;HO;RET;;
VolkerWessels;KVW.AS;HO;CON;;
Wessanen;WES.AS;HO;FOOD;;
Aalberts;AALB.AS;HO;IND;;
ABN AMRO;ABN.AS;HO;BAN;;
Adyen;ADYEN.AS;HO;SER;;
Aegon;AGN.AS;HO;INS;;
Ahold Delhaize;AD.AS;HO;FOOD;;
AkzoNobel;AKZA.AS;HO;CHE;;
ArcelorMittal;MT.AS;HO;MAT;;
ASML Holding;ASML.AS;HO;IND;;
ASR Nederland;ASRNL.AS;HO;INS;;
DSM;DSM.AS;HO;CHE;;
Galapagos;GLPG.AS;HO;HEALTH;;
Heineken;HEIA.AS;HO;FOOD;;
IMCD;IMCD.AS;HO;CHE;;
ING Group;INGA.AS;HO;BAN;;
Just Eat Takeaway;TKWY.AS;HO;SER;;
KPN;KPN.AS;HO;COM;;
NN Group;NN.AS;HO;INS;;
Randstad;RAND.AS;HO;SER;;
RELX;REN.AS;HO;MED;;
Royal Dutch Shell;RDSA.AS;HO;OIL;;
Unibail-Rodamco-Westfield;URW.AS;HO;RET;;
Vopak;VPK.AS;HO;TRANS;;
Wolters Kluwer;WKL.AS;HO;MED;;
Ackermans & van Haaren;ACKB.BR;BE;BAN;;
Aedifica;AED.BR;BE;INM;;
Ageas;AGS.BR;BE;INS;;
AB InBev;ABI.BR;BE;FOOD;;
Aperam;APAM.BR;BE;MAT;;
arGEN-X;ARGX.BR;BE;HEALTH;;
Barco;BAR.BR;BE;IND;;
Cofinimmo;COFB.BR;BE;INM;;
Colruyt;COLR.BR;BE;RET;;
Galapagos;GLPG.BR;BE;HEALTH;;
GBL;GBLB.BR;BE;BAN;;
ING Group;INGA.BR;BE;BAN;;
KBC;KBC.BR;BE;BAN;;
Proximus;PROX.BR;BE;COM;;
Sofina;SOF.BR;BE;BAN;;
Telenet Group;TNET.BR;BE;MED;;
UCB;UCB.BR;BE;HEALTH;;
Umicore;UMI.BR;BE;CHE;;
WDP;WDP.BR;BE;INM;;
Altri;ALTR.LS;PO;IND;;
Banco Comercial Português;BCP.LS;PO;BAN;;
Corticeira Amorim;COR.LS;PO;FOOD;;
CTT Correios de Portugal;CTT.LS;PO;TRANS;;
EDP Renováveis;EDPR.LS;PO;UTL;;
Energias de Portugal;EDP.LS;PO;UTL;;
Galp Energia;GALP.LS;PO;OIL;;
Ibersol;IBS.LS;PO;SER;;
Jerónimo Martins;JMT.LS;PO;RET;;
Mota-Engil;EGL.LS;PO;CON;;
NOS;NOS.LS;PO;MED;;
Novabase;NBA.LS;PO;TECH;;
Pharol;PHR.LS;PO;COM;;
Redes Energéticas Nacionais;RENE.LS;PO;UTL;;
Semapa;SEM.LS;PO;MAT;;
Sonae;SON.LS;PO;RET;;
Sonae Capital;SONC.LS;PO;BAN;;
The Navigator Company;NVG.LS;PO;MAT;;
Unibail-Rodamco ;URW.AS;FR;INM;;
Exor;EXO.MI;IT;;;
Elsior Luxottica Group S.p.A.;EL.PA;FR;LUX;;
ZUMTOBEL;ZAG.VI ;AT;IND;;
SAFRAN;SAF.PA;FR;IND;;
BancoComercialPortugies;BCP.LS;PO;BAN;;
TUBOSREUNIDORS;TRG.MC;ES;IND;;
LINGOTES;LGT.MC;ES;IND;;
REALIA;RLIA.MC;ES;INM;;
GESTAMP;GEST.MC;ES;AUT;;
BaronDeLey;BDL.MC;ES;FOOD;;
DeutscheTelekom;DTE.DE;DE;COM;;
RWE;RWE.DE;DE;SUP;;
ThyssenKrupp;TKA.DE;DE;IND;;
MERLIN;MRL.MC;ES;INM;;
SANTANDER;SAN.MC;ES;BAN;;
GASNATURAL;GAS.MC;ES;UTL;;
MITTAL;MTS.MC;ES;IND;;
BMW;BMW.DE;DE;AUT;;
DAIMLER;DAI.DE;DE;AUT;;
PEUGEOT-CITROEN;UG.PA;FR;AUT;;
CARREFOUR;CA.PA;FR;SUP;;
SIEMENS;SIE.DE;DE;TECH;;
UNICAJA;UNI.MC;ES;BAN;;
DEUTSCHEBANK;DBK.DE;DE;BAN;;
PHILIPS;PHIA.AS;HO;TECH;;
GENERALLI;G.MI;IT;INS;;
Anheuser-Busch;ABI.BR;BE;FOOD;;
ROYALDUTCH;RDSA.AS;HO;OIL;;
UNILEVER;UNA.AS;HO;FOOD;;
WolkersKluwer;WKL.AS;HO;PUB;;
RELX PLC ;REN.AS;HO;PUB;;
AholdDelhaize;AD.AS;HO;SUP;;
Essilor International ;EI.PA;FR;LUX;;
Allianz;ALV.DE ;DE;INS;;
ENGI;ENGI.PA ;FR;OIL;;
MunichRe;MUV2.DE ;DE;INS;;
Merk;MRK.DE ;DE;PHA;;
InfineonTechnologies;IFX.DE;DE;TECH;;
Fresenius Medical Care  ;FME.DE ;DE;HEALTH;;
Lindle;LIN.DE ;DE;INS;;
Continental;CON.DE ;DE;AUT;;
Henkel AG & Co. KGaA ;HEN3.DE ;DE;;;
Beiersdorf ;BEI.DE ;DE;;;
HeidelbergCement AG ;HEI.DE ;DE;;;
E.ON;EOAN.DE ;DE;;;
Deutsche Borse AG;DB1.DE ;DE;;;
Lufthansa ;LHA.DE ;DE;FLI;;
BASF;BAS.DE;DE;;;
Wirecard;WDI.DE;DE;;;
KBC Group NV ;KBC.BR ;BE;;;
Edenred SA ;EDEN.PA ;FR;;;
Thales;HO.PA;FR;;;
Ubisoft Entertainment SA ;UBI.PA;FR;;;
Electricite de France S.A. ;EDF.PA;FR;;;
Atos;ATO.PA;FR;;;
Covivo;COV.PA;FR;;;
Sodexo;SW.PA;FR;;;
Teleperformance;TEP.PA;FR;;;
Solvay;SOLB.BR;BE;;;
Natixis;KN.PA;FR;;;
BioMerieux;BIM.PA;FR;;;
Groupe Bruxelles Lambert SA ;GBLB.BR;BE;;;
Worldline S.A ;WLN.PA;FR;;;
Ipsen;IPN.PA;FR;;;
Credit Agricola;ACA.PA;FR;BAN;;
Societe Generale ;GLE.PA;FR;BAN;;
Bouygues;EN.PA;FR;;;
Pernod Ricard;RI.PA;FR;;;
Capgemini;CAP.PA;FR;;;
Vinci;DG.PA;FR;;;
Vivendi;VIV.PA;FR;INM;;
Veolia;VIE.PA;FR;;;
MITTAL;MT.AS;HO;;;
JustEat;TKWY.AS;HO;;;
ABN AMRO Bank;ABN.AS;HO;;;
Heineken;HEIA.AS;HO;;;
NN;NN.AS ;HO;;;
KPN;KPN.AS;HO;TEL;;
Pharol;PHR.LS;PO;;;
REDES ENERGETICAS NC;RENE.LS;PO;;;
Sonae;SON.LS;PO;;;
Navigator;NVG.LS;PO;;;
NOS;NOS.LS;PO;;;
Salvatore Fergamo;SFER.MI;IT;;;
;PST.MI;IT;;;
;UBI.MI;IT;BAN;;
;PRY.MI;IT;;;
;LDO.MI;IT;;;
ATLANTIA;ATL.MI;IT;;;
DAVIDE CAMPARI;CPR.MI;IT;;;
;FBK.MI;IT;BAN;;
;IG.MI;IT;UTL;;
;UNI.MI;IT;;;
;ENI.MI;IT;UTL;;
;BMED.MI;IT;BAN;;
;BPE.MI;IT;BAN;;
TENARIS;TEN.MI;IT;;;
;BZU.MI;IT;;;
;SPM.MI;IT;;;
;DIA.MI;IT;SUP;;
Technogym;TGYM.MI;IT;RET;;
De'Longhi S.p.A ;DLG.MI;IT;;;
Gambero Rosso SpA;GAMB.MI;IT;;;
Sacyr;SCYR.MC;ES;CONS;;
Siemens Gamesa Renewable Energy;GAM.MC;ES;IND;;
Tubacex;TUB.MC;ES;IND;;
Red Eléctrica Corporación;REE.MC;ES;UTL;;
Pharma Mar;PHM.MC;ES;PHA;;
Compañía de Distribución Integral Logista Holdings;LOG.MC;ES;TRANS;;
Almirall;ALM.MC;ES;PHA;;
Zardoya Otis;ZOT.MC;ES;IND;;
Naturgy;NTGY.MC;ES;UTL;;
ENCE;ENC.MC;ES;IND;;
Laboratorios Rovi;ROVI.MC;ES;PHA;;
DEUTSCHE WOHNEN;DWNI.DE;DE;INM;;
PORSCHE ;PAH3.DE;DE;AUT;;
EURONAV;EURN.BR;BE;OIL;;
Tarkett S.A;TKTT.PA;FR;;;
IMMOFINANZ AG;IIA.VI;AT;INS;;
Osterreichische Post AG;POST.VI;AT;;;
OMV Aktiengesellschaft;OMV.VI;AT;;;
Lenzing Aktiengesellschaft;LNZ.VI;AT;;;
AT & S Austria Technologie & Systemtechnik Aktiengesellschaft;ATS.VI;AT;;;
CA Immobilien Anlagen AG;CAI.VI;AT;INM;;
VERBUND AG;VER.VI;AT;;;
Telekom Austria AG;TKA.VI;AT;COM;;
Voestalpine AG;VOE.VI;AT;;;
Mayr-Melnhof Karton AG;MMK.VI;AT;;;
Erste Group Bank AG;EBS.VI;AT;;;
Schoeller-Bleckmann Oilfield Equipment Aktiengesellschaft;SBO.VI;AT;;;
Wienerberger AG;WIE.VI;AT;;;
Raiffeisen Bank International AG;RBI.VI;AT;;;
UNIQA Insurance Group AG;UQA.VI;AT;;;
Andritz AG;ANDR.VI;AT;;;
Vienna Insurance Group AG;VIG.VI;AT;;;
BAWAG Group AG;BG.VI;AT;;;
DO & CO Aktiengesellschaft;DOC.VI;AT;;;
S IMMO AG;SPI.VI;AT;;;
PUMA;PUM.DE ;DE;;;
KION GROUP AG;KGX.DE;DE;;;
Fielmann Aktiengesellschaft;FIE.DE;DE;;;
RTL Group S.A.;RRTL.DE;DE;;;
Schaeffler AG;SHA.DE;DE;;;
HOCHTIEF Aktiengesellschaft;HOT.DE;DE;;;
Evonik Industries AG;EVK.DE;DE;;;
LANXESS Aktiengesellschaft;LXS.DE;DE;;;
LEG Immobilien AG;LEG.DE;DE;INM;;
TAG Immobilien AG;TEG.DE;DE;INM;;
Fuchs Petrolub SE;FPE3.DE;DE;CHE;;
Sudzucker AG;SZU.DE;DE;;;
Durr Aktiengesellschaft;DUE.DE;DE;;;
Hannover Ruck SE;HNR1.DE;DE;;;
Steinhoff International Holdings N.V.;SNH.DE;DE;;;
Gerresheimer AG;GXI.DE;DE;;;
CTS Eventim AG & Co. KGaA;EVD.DE;DE;;;
Jungheinrich Aktiengesellschaft;JUN3.DE;DE;;;
Fraport AG;FRA.DE;DE;AIR;;
Savencia;SAVE.PA ;FR;FOOD;;
Intesa San Paolo;ISP.MI;IT;BAN;;
Audi;NSU.DE;DE;AUT;;
Knorr-Bremse ;KBX.DE;DE;AUT;;
Renault;RNA.PA;FR;AUT;;
Valeo SA;FR.PA;FR;AUT;;
Compagnie Plastic Omnium SA ;POM.PA;FR;AUT;;
Rubis;RUI.PA;FR;UTL;;
CRH;CRG.IR;IR;CONS;;
Kerry Group;KRZ.IR;IR;FOOD;;
Kingspan Group;KRX.IR;IR;CONS;;
Kapsch TrafficCom;KTCG.VI;AT;TECH;;
Metro AG;MEO.VI;AT;SUP;;
Dragerwerk;DRW3.DE;DE;HEALTH;;
Ahlstrom-Munksjö Oyj;AM1.HE;FI;MAT;FI4000048418;
Cargotec Oyj;CGCBV.HE;FI;IND;FI0009013429;
Citycon Oyj;CTY1S.HE;FI;BAN;FI4000369947;
Elisa Oyj;ELISA.HE;FI;COM;FI0009007884;
Fortum Oyj;FORTUM.HE;FI;UTL;FI0009007132;
Fiskars Oyj Abp;FSKRS.HE;FI;RET;FI0009000400;
Huhtamäki Oyj;HUH1V.HE;FI;IND;FI0009000459;
Konecranes Oyj;KCR.HE;FI;IND;FI0009005870;
Kemira Oyj;KEMIRA.HE;FI;MAT;FI0009004824;
Kesko Oyj A;KESKOA.HE;FI;SER;FI0009007900;
Kesko Oyj B;KESKOB.HE;FI;SER;FI0009000202;
KONE Oyj;KNEBV.HE;FI;IND;FI0009013403;
Kojamo Oyj;KOJAMO.HE;FI;BAN;FI4000312251;
Metsä Board Oyj A;METSA.HE;FI;MAT;FI0009000640;
Metsä Board Oyj B;METSB.HE;FI;MAT;FI0009000665;
Metso Outotec Oyj;MOCORP.HE;FI;IND;FI0009014575;
Nordea Bank Abp;NDA-FI.HE;FI;BAN;FI4000297767;
Neles Oyj;NELES.HE;FI;IND;FI4000440664;
Neste Oyj;NESTE.HE;FI;OIL;FI0009013296;
Nokia Oyj;NOKIA.HE;FI;TECH;FI0009000681;
Orion Oyj A;ORNAV.HE;FI;HEALTH;FI0009014369;
Orion Oyj B;ORNBV.HE;FI;HEALTH;FI0009014377;
Outokumpu Oyj;OUT1V.HE;FI;MAT;FI0009002422;
Sanoma Oyj;SAA1V.HE;FI;SER;FI0009007694;
Sampo Oyj A;SAMPO.HE;FI;BAN;FI0009003305;
SSAB A;SSABAH.HE;FI;MAT;SE0000171100;
SSAB B;SSABBH.HE;FI;MAT;SE0000120669;
Stora Enso Oyj A;STEAV.HE;FI;MAT;FI0009005953;
Telia Company;TELIA1.HE;FI;COM;SE0000667925;
TietoEVRY Oyj;TIETO.HE;FI;TECH;FI0009000277;
Terveystalo Oyj;TTALO.HE;FI;HEALTH;FI4000252127;
Nokian Renkaat Oyj;TYRES.HE;FI;RET;FI0009005318;
UPM-Kymmene Oyj;UPM.HE;FI;MAT;FI0009005987;
Valmet Oyj;VALMT.HE;FI;IND;FI4000074984;
Wärtsilä Oyj Abp;WRT1V.HE;FI;IND;FI0009003727;
YIT Oyj;YIT.HE;FI;IND;FI0009800643;
Afarak Group Oyj;AFAGR.HE;FI;MAT;FI0009800098;
Aktia Bank Abp;AKTIA.HE;FI;BAN;FI4000058870;
Ålandsbanken Abp A;ALBAV.HE;FI;BAN;FI0009000103;
Ålandsbanken Abp B;ALBBV.HE;FI;BAN;FI0009001127;
Alma Media Oyj;ALMA.HE;FI;SER;FI0009013114;
Altia Oyj;ALTIA.HE;FI;RET;FI4000292438;
Aspo Oyj;ASPO.HE;FI;IND;FI0009008072;
Atria Oyj A;ATRAV.HE;FI;RET;FI0009006548;
Basware Oyj;BAS1V.HE;FI;TECH;FI0009008403;
Bittium Oyj;BITTI.HE;FI;TECH;FI0009007264;
CapMan Oyj;CAPMAN.HE;FI;BAN;FI0009009377;
Caverion Oyj;CAV1V.HE;FI;IND;FI4000062781;
Enento Group Oyj;ENENTO.HE;FI;BAN;FI4000123195;
eQ Oyj;EQV1V.HE;FI;BAN;FI0009009617;
Etteplan Oyj;ETTE.HE;FI;IND;FI0009008650;
Evli Pankki Oyj;EVLI.HE;FI;BAN;FI4000170915;
Finnair Oyj;FIA1S.HE;FI;SER;FI0009003230;
Finnair Oyj Uudet 2020;FIA1SN0120.HE;FI;SER;FI4000440128;
F-Secure Oyj;FSC1V.HE;FI;TECH;FI0009801310;
HKScan Oyj A;HKSAV.HE;FI;RET;FI0009006308;
Kamux Oyj;KAMUX.HE;FI;SER;FI4000206750;
Lassila & Tikanoja Oyj;LAT1V.HE;FI;IND;FI0009010854;
Lehto Group Oyj;LEHTO.HE;FI;IND;FI4000081138;
Marimekko Oyj;MMO1V.HE;FI;RET;FI0009007660;
Musti Group Oyj;MUSTI.HE;FI;SER;FI4000410758;
NoHo Partners Oyj;NOHO.HE;FI;SER;FI4000064332;
Oriola Oyj A;OKDAV.HE;FI;HEALTH;FI0009014344;
Oriola Oyj B;OKDBV.HE;FI;HEALTH;FI0009014351;
Olvi Oyj A;OLVAS.HE;FI;RET;FI0009900401;
Oma Säästöpankki Oyj;OMASP.HE;FI;BAN;FI4000306733;
Pihlajalinna Oyj;PIHLIS.HE;FI;HEALTH;FI4000092556;
Ponsse Oyj 1;PON1V.HE;FI;IND;FI0009005078;
Qt Group Oyj;QTCOM.HE;FI;TECH;FI4000198031;
Raisio Oyj Vaihto-osake;RAIVV.HE;FI;RET;FI0009002943;
Revenio Group Oyj;REG1V.HE;FI;HEALTH;FI0009010912;
Rovio Entertainment Oyj;ROVIO.HE;FI;RET;FI4000266804;
Scanfil Oyj;SCANFL.HE;FI;IND;FI4000029905;
Stockmann Oyj Abp A;STCAS.HE;FI;SER;FI0009000236;
Stockmann Oyj Abp B;STCBV.HE;FI;SER;FI0009000251;
Taaleri Oyj;TAALA.HE;FI;BAN;FI4000062195;
AS Tallink Grupp FDR;TALLINK.HE;FI;IND;FI4000349378;
Tikkurila Oyj;TIK1V.HE;FI;IND;FI4000008719;
Talenom Oyj;TNOM.HE;FI;IND;FI4000153580;
Tokmanni Group Oyj;TOKMAN.HE;FI;SER;FI4000197934;
Uponor Oyj;UPONOR.HE;FI;IND;FI0009002158;
Vaisala Oyj A;VAIAS.HE;FI;IND;FI0009900682;
Verkkokauppa.com Oyj;VERK.HE;FI;SER;FI4000049812;
Viking Line Abp;VIK1V.HE;FI;SER;FI0009005250;
Aspocomp Group Oyj;ACG1V.HE;FI;IND;FI0009008080;
Apetit Oyj;APETIT.HE;FI;RET;FI0009003503;
Biohit Oyj B;BIOBV.HE;FI;HEALTH;FI0009005482;
Consti Oyj;CONSTI.HE;FI;IND;FI4000178256;
Componenta Oyj;CTH1V.HE;FI;IND;FI0009010110;
Digia Oyj;DIGIA.HE;FI;TECH;FI0009007983;
Digitalist Group Oyj;DIGIGR.HE;FI;TECH;FI0009008007;
Dovre Group Oyj;DOV1V.HE;FI;IND;FI0009008098;
EAB Group Oyj;EAB.HE;FI;BAN;FI4000157441;
Elecster Oyj A;ELEAV.HE;FI;IND;FI0009900658;
Endomines;ENDOM.HE;FI;MAT;SE0008294334;
Enedo Oyj;ENEDO.HE;FI;IND;FI4000415252;
Exel Composites Oyj;EXL1V.HE;FI;IND;FI0009007306;
Glaston Oyj Abp;GLA1V.HE;FI;IND;FI4000369657;
Harvia Oyj;HARVIA.HE;FI;RET;FI4000306873;
Honkarakenne Oyj B;HONBS.HE;FI;RET;FI0009900104;
Incap Oyj;ICP1V.HE;FI;IND;FI0009006407;
Innofactor Plc;IFA1V.HE;FI;TECH;FI0009007637;
Ilkka-Yhtymä Oyj 2;ILK2S.HE;FI;SER;FI0009800205;
Investors House Oyj;INVEST.HE;FI;BAN;FI0009900559;
Kesla Oyj A;KELAS.HE;FI;IND;FI0009900237;
Keskisuomalainen Oyj A;KSLAV.HE;FI;SER;FI0009007546;
Martela Oyj A;MARAS.HE;FI;RET;FI0009900385;
Neo Industrial Oyj;NEO1V.HE;FI;IND;FI0009800296;
Nixu Oyj;NIXU.HE;FI;TECH;FI0009008387;
Nurminen Logistics Oyj;NLG1V.HE;FI;IND;FI0009900187;
Optomed Oyj;OPTOMED.HE;FI;HEALTH;FI4000410881;
Ovaro Kiinteistösijoitus Oyj;OVARO.HE;FI;BAN;FI4000349113;
Panostaja Oyj;PNA1V.HE;FI;BAN;FI0009800379;
PunaMusta Media Oyj;PUMU.HE;FI;SER;FI0009900468;
QPR Software Oyj;QPR1V.HE;FI;TECH;FI0009008668;
Rapala VMC Oyj;RAP1V.HE;FI;RET;FI0009007355;
Raute Oyj A;RAUTE.HE;FI;IND;FI0009004741;
Robit Oyj;ROBIT.HE;FI;IND;FI4000150016;
Saga Furs Oyj C;SAGCV.HE;FI;RET;FI0009800551;
Sievi Capital Oyj;SIEVI.HE;FI;BAN;FI0009008924;
Siili Solutions Oyj;SIILI.HE;FI;TECH;FI4000043435;
Solteq Oyj;SOLTEQ.HE;FI;TECH;FI0009007991;
Soprano Oyj;SOPRA.HE;FI;TECH;FI0009012793;
Sotkamo Silver AB;SOSI1.HE;FI;MAT;SE0001057910;
SRV Yhtiöt Oyj;SRV1V.HE;FI;IND;FI0009015309;
SSH Communications Security;SSH1V.HE;FI;TECH;FI0009008270;
Suominen Oyj;SUY1V.HE;FI;RET;FI0009010862;
Tecnotree Oyj;TEM1V.HE;FI;TECH;FI0009010227;
Teleste Oyj;TLT1V.HE;FI;TECH;FI0009007728;
Trainers´ House Oyj;TRH1V.HE;FI;TECH;FI4000390885;
Tulikivi Oyj A;TULAV.HE;FI;IND;FI0009900583;
United Bankers Oyj;UNIAV.HE;FI;BAN;FI4000081427;
Plc Uutechnic Group Oyj;UUTEC.HE;FI;IND;FI0009900708;
Valoe Oyj;VALOE.HE;FI;IND;FI0009006951;
Wulff-Yhtiöt Oyj;WUF1V.HE;FI;IND;FI0009008452;
Yleiselektroniikka Oyj;YEINT.HE;FI;IND;FI0009900724;
ABENGOA CL.A;ABG.MC;ES;;;
ACCIONA;ANA.MC;ES;;;
ACERINOX SA;ACX.MC;ES;;;
ACS;ACS.MC;ES;;;
ADOLFO DOMINGUEZ;ADZ.MC;ES;;;
AEDAS HOMES;AEDAS.MC;ES;;;
AENA;AENA.MC;ES;;;
AIRTIFICIAL INTEL STRUCT;AI.MC;ES;;;
ALANTRA PARTNERS S.A.;ALNT.MC;ES;;;
ALMIRALL;ALM.MC;ES;;;
AMADEUS;AMS.MC;ES;;;
AMPER;AMP.MC;ES;;;
AMREST HOLDINGS;EAT.MC;ES;;;
APERAM;APAM.MC;ES;;;
APPLUS SERVICES;APPS.MC;ES;;;
ARCELORMITTAL;MTS.MC;ES;;;
ARIMA BR;ARM.MC;ES;;;
ATRESMEDIA;A3M.MC;ES;;;
AUDAX RENOVABLES;ADX.MC;ES;;;
AZKOYEN;AZK.MC;ES;;;
BANCO DE BILBAO VIZCAYA;BBVA.MC;ES;;;
BANCO DE SABADELL;SAB.MC;ES;;;
BANCO SANTANDER;SAN.MC;ES;;;
BANKIA;BKIA.MC;ES;;;
BANKINTER;BKT.MC;ES;;;
BARON DE LEY;BDL.MC;ES;;;
BERKELEY ENERGIA;BKY.MC;ES;;;
BIOSEARCH;BIO.MC;ES;;;
BODEGAS RIOJANAS;RIO.MC;ES;;;
BORGES;BAIN.MC;ES;;;
CAIXABANK;CABK.MC;ES;;;
CELLNEX TELECOM;CLNX.MC;ES;;;
CEVASA A;CEV.MC;ES;;;
CIE AUTOMOTIVE;CIE.MC;ES;;;
CLEOP;CLEO.MC;ES;;;
COCA-COLA EUROPEAN PARTNERS;CCEP.MC;ES;;;
CODERE;CDR.MC;ES;;;
CONSTRUCCION Y AUXILIAR DE FER;CAF.MC;ES;;;
CORP.EMPRES.MATERIALES CONSTR.;CMC.MC;ES;;;
CORPORACION FINANCIERA ALBA;ALB.MC;ES;;;
CUOTAS PARTICIPATIVAS CAM;CAM.MC;ES;;;
DEOLEO SA;OLE.MC;ES;;;
DESARROLLOS ESPECIALES DE SIST;DESA.MC;ES;;;
DIA;DIA.MC;ES;;;
DURO FELGUERA;MDF.MC;ES;;;
EBRO FOODS;EBRO.MC;ES;;;
EDREAMS ODIGEO;EDR.MC;ES;;;
ELECNOR;ENO.MC;ES;;;
ENAGAS;ENG.MC;ES;;;
ENCE ENERGIA Y CELULOSA;ENC.MC;ES;;;
ENDESA;ELE.MC;ES;;;
ERCROS;ECR.MC;ES;;;
EUSKALTEL;EKT.MC;ES;;;
FAES FARMA;FAE.MC;ES;;;
FERROVIAL;FER.MC;ES;;;
FLUIDRA;FDR.MC;ES;;;
FOMENTO DE CONSTRUCCIONES;FCC.MC;ES;;;
GENERAL DE ALQUILER DE MAQUINA;GALQ.MC;ES;;;
GESTAMP AUTOM BR;GEST.MC;ES;;;
GLOBAL DOMINION ACCESS;DOM.MC;ES;;;
GRENERGY RENOVABLES;GRE.MC;ES;;;
GRIFOLS CL.A;GRF.MC;ES;;;
GRIFOLS CL.B;GRF.P.MC;ES;;;
GRUPO CATALANA OCCIDENTE;GCO.MC;ES;;;
GRUPO CLINICA BAVIERA;CBAV.MC;ES;;;
GRUPO EMPRESARIAL SAN JOSE;GSJ.MC;ES;;;
GRUPO EZENTIS SA;EZE.MC;ES;;;
IAG GROUP;IAG.MC;ES;;;
IBERDROLA;IBE.MC;ES;;;
IBERPAPEL GESTION;IBG.MC;ES;;;
INDITEX;ITX.MC;ES;;;
INDRA SISTEMAS;IDR.MC;ES;;;
INMOBILIARIA COLONIAL;COL.MC;ES;;;
INMOBILIARIA DEL SUR;ISUR.MC;ES;;;
LABORATORIOS FARMACEUTICOS ROV;ROVI.MC;ES;;;
LABORATORIOS REIG JOFRE;RJF.MC;ES;;;
LAR ESPANA REAL ESTATE SOCIMI;LRE.MC;ES;;;
LIBERBANK;LBK.MC;ES;;;
LINGOTES ESPECIALES;LGT.MC;ES;;;
LOGISTA HOLDINGS;LOG.MC;ES;;;
MAPFRE;MAP.MC;ES;;;
MEDIASET ESPANA;TL5.MC;ES;;;
MELIA HOTELS;MEL.MC;ES;;;
MERLIN PROPERTIES;MRL.MC;ES;;;
METROVACESA;MVC.MC;ES;;;
MIQUEL Y COSTAS MIQUEL;MCM.MC;ES;;;
MONTEBALITO;MTB.MC;ES;;;
NATURGY ENERGY;NTGY.MC;ES;;;
NATURHOUSE HEALTH;NTH.MC;ES;;;
NEINOR HOMES;HOME.MC;ES;;;
NH HOTELES;NHH.MC;ES;;;
NICOLAS CORREA;NEA.MC;ES;;;
NUEVA EXPRESION TEXTIL SA;NXT.MC;ES;;;
NYESA VALORES CORPORACION;NYE.MC;ES;;;
OBRASCON HUARTE LAIN SA;OHL.MC;ES;;;
ORYZON GENOMICS;ORY.MC;ES;;;
PESCANOVA;PVA.MC;ES;;;
PHARMA MAR;PHM.MC;ES;;;
PRIM;PRM.MC;ES;;;
PROMOTORA DE INFORMAC. CL.A;PRS.MC;ES;;;
PROSEGUR CASH S.A.;CASH.MC;ES;;;
PROSEGUR COMPANIA DE SEGURIDAD;PSG.MC;ES;;;
QUABIT INMOBILIARIA;QBT.MC;ES;;;
REALIA BUSINESS;RLIA.MC;ES;;;
RED ELECTRICA;REE.MC;ES;;;
RENO DE MEDICI;RM.MI;IT;MAT;;
RENTA 4 BANCO;R4.MC;ES;;;
RENTA CORPORACION REAL ESTATE;REN.MC;ES;;;
REPSOL;REP.MC;ES;;;
SACYR VALLEHERMOSO;SCYR.MC;ES;;;
SERVICE POINT SOLUTIONS;SPS.MC;ES;;;
SIEMENS GAMESA;SGRE.MC;ES;;;
SOLARIA ENERGIA Y MEDIO AMBIEN;SLR.MC;ES;;;
SOLARPACK CORP BR;SPK.MC;ES;;;
SOLTEC POWER HOLDINGS;SOL.MC;ES;;;
TALGO;TLGO.MC;ES;;;
TECNICAS REUNIDAS;TRE.MC;ES;;;
TELEFONICA;TEF.MC;ES;;;
TUBACEX;TUB.MC;ES;;;
TUBOS REUNIDOS;TRG.MC;ES;;;
UNICAJA BANCO;UNI.MC;ES;;;
URBAS GRUPO FINANCIERO;UBS.MC;ES;;;
VERTICE TRESCIENTOS SESENTA;VER.MC;ES;;;
VIDRALA;VID.MC;ES;;;
VISCOFAN;VIS.MC;ES;;;
VOCENTO;VOC.MC;ES;;;
ZARDOYA OTIS;ZOT.MC;ES;;;
1+1 DRILLISCH AG O.N.;DRI.DE;DE;Telecommunication-Wireless Communication;DE0005545503;
11 88 0 SOLUTIONS AG;TGT.DE;DE;Telecommunication-Telecommunication Services;DE0005118806;
3U HOLDING AG;UUU.DE;DE;Industrial-Industrial Products & Services;DE0005167902;
4BASEBIO AG  NA O.N.;4BSB.DE;DE;Pharma & Healthcare-Biotechnology;DE000A2YN801;
4SC AG;VSC.DE;DE;Pharma & Healthcare-Biotechnology;DE000A14KL72;
A.S.CREATION TAPETEN NA;ACWN.DE;DE;Consumer-Home Construction & Furnishings;DE000A1TNNN5;
AAREAL BANK AG;ARL.DE;DE;Banks-Mortgage Banks;DE0005408116;
ACCENTRO REAL ESTATE AG  O.N.;A4Y.DE;DE;Financial Services-Real Estate;DE000A0KFKB3;
ADIDAS AG NA O.N.;ADS.DE;DE;Consumer-Clothing & Footwear;DE000A1EWWW0;
ADLER MODEMAERKTE AG O.N.;ADD.DE;DE;Consumer-Clothing & Footwear;DE000A1H8MU2;
ADLER REAL ESTATE AG;ADL.DE;DE;Financial Services-Real Estate;DE0005008007;
ADVA OPTICAL NETWORKING SE  O.N.;ADV.DE;DE;Technology-Communications Technology;DE0005103006;
AHLERS AG NA O.N.;AAH.DE;DE;Consumer-Clothing & Footwear;DE0005009740;
AIXTRON SE NA O.N.;AIXA.DE;DE;Technology-Semiconductors;DE000A0WMPJ6;
AKASOL AG  INH. O.N.;ASL.DE;DE;Automobile-Auto Parts & Equipment;DE000A2JNWZ9;
ALL FOR ONE GROUP NA O.N.;A1OS.DE;DE;Software-IT-Services;DE0005110001;
ALLIANZ SE NA O.N.;ALV.DE;DE;Insurance-Insurance;DE0008404005;
ALSTRIA OFFICE REIT-AG;AOX.DE;DE;Financial Services-Real Estate;DE000A0LD2U1;
ALZCHEM GROUP AG INH O.N.;ACT.DE;DE;Chemicals-Chemicals;;DE000A2YNT30
AMADEUS FIRE AG;AAD.DE;DE;Industrial-Industrial Products & Services;DE0005093108;
ARTNET AG NA O.N.;ART.DE;DE;Retail -Retail;;DE000A1K0375
ATOSS SOFTWARE AG;AOF.DE;DE;Software-Software;DE0005104400;
AUMANN AG  INH O.N.;AAG.DE;DE;Industrial-Industrial Machinery;DE000A2DAM03;
AURUBIS AG;NDA.DE;DE;Basic Resources-Steel & Other Metals;DE0006766504;
AVES ONE AG O.N.;AVES.DE;DE;Transportation & Logistics-Transportation Services;DE000A168114;
B.R.A.I.N. NA;BNN.DE;DE;Chemicals-Chemicals;;DE0005203947
BASF SE NA O.N.;BAS.DE;DE;Chemicals-Chemicals;;DE000BASF111
BASLER AG O.N.;BSL.DE;DE;Industrial-Advanced Industrial Equipment;DE0005102008;
BASTEI LUEBBE AG  O.N.;BST.DE;DE;Media-Publishing & Printing;DE000A1X3YY0;
BAUER AG;B5A.DE;DE;Construction-Construction & Engineering;DE0005168108;
BAY.MOTOREN WERKE  VZO;BMW3.DE;DE;Automobile-Automobile Manufacturers;DE0005190037;
BAY.MOTOREN WERKE AG ST;BMW.DE;DE;Automobile-Automobile Manufacturers;DE0005190003;
BAYER AG NA O.N.;BAYN.DE;DE;Chemicals-Chemicals;;DE000BAY0017
BAYWA AG   NA O.N.;BYW.DE;DE;Industrial -Industrial Products & Services ;DE0005194005;
BAYWA AG VINK.NA. O.N.;BYW6.DE;DE;Industrial -Industrial Products & Services ;DE0005194062;
BECHTLE AG O.N.;BC8.DE;DE;Software-IT-Services;DE0005158703;
BEIERSDORF AG O.N.;BEI.DE;DE;Consumer-Personal Products;DE0005200000;
BERTRANDT AG O.N.;BDT.DE;DE;Automobile-Auto Parts & Equipment;DE0005232805;
BET-AT-HOME.COM AG O.N.;ACX.DE;DE;Retail-Retail; Internet;DE000A0DNAY5
BILFINGER SE O.N.;GBF.DE;DE;Industrial -Industrial Products & Services ;DE0005909006;
BIOFRONTERA AG NA O.N.;B8F.DE;DE;Pharma & Healthcare-Biotechnology;DE0006046113;
BIOTEST AG ST O.N.;BIO.DE;DE;Pharma & Healthcare-Pharmatceuticals;DE0005227201;
BIOTEST AG VZ O.N.;BIO3.DE;DE;Pharma & Healthcare-Pharmatceuticals;DE0005227235;
BORUSSIA DORTMUND;BVB.DE;DE;Media-Movies & Entertainment;DE0005493092;
BRENNTAG AG NA O.N.;BNR.DE;DE;Industrial-Industrial Products & Services;DE000A1DAHH0;
BROCKHAUS CAPITAL MGMT ON;BKHT.DE;DE;Technology-Information Technology;DE000A2GSU42;
CANCOM SE O.N.;COK.DE;DE;Software-IT-Services;DE0005419105;
CAPSENSIXX AG  INH O.N.;CPX.DE;DE;Financial Services-Diversified Financial;DE000A2G9M17;
CARL ZEISS MEDITEC AG;AFX.DE;DE;Pharma & Healthcare-Medical Technology;DE0005313704;
CECONOMY AG  ST O.N.;CEC.DE;DE;Retail-Retail; Specialty;DE0007257503
CECONOMY AG  VZO O.N.;CEC1.DE;DE;Retail-Retail; Specialty;DE0007257537
CENIT AG O.N.;CSH.DE;DE;Software-IT-Services;DE0005407100;
CENTROTEC SE  INH O.N.;CEV.DE;DE;Industrial-Industrial Products & Services;DE0005407506;
CEWE STIFTUNG KGAA  O.N.;CWC.DE;DE;Consumer-Leisure ;DE0005403901;
COM.CHARG.SOL.AG INH.O.N.;C0M.DE;DE;Industrails -Advanced Industrial Equipment ;DE000A2QDNX9;
COMMERZBANK AG;CBK.DE;DE;Banks-Credit Banks;DE000CBK1001;
COMPUGROUP MED. NA O.N.;COP.DE;DE;Software-Software;DE000A288904;
CONTINENTAL AG O.N.;CON.DE;DE;Automobile-Auto Parts & Equipment;DE0005439004;
COVESTRO AG  O.N.;1COV.DE;DE;Chemicals-Chemicals; Specialty;DE0006062144
CREDITSHELF AG  IA O.N.;CSQ.DE;DE;Financial Services-Diversified Financial;DE000A2LQUA5;
CROPENERGIES AG;CE2.DE;DE;Industrial-Renewable Energies;DE000A0LAUP1;
CTS EVENTIM KGAA;EVD.DE;DE;Media-Movies & Entertainment ;DE0005470306;
DAIMLER AG NA O.N.;DAI.DE;DE;Automobile-Automobile Manufacturers;DE0007100000;
DATA MODUL AG O.N.;DAM.DE;DE;Technology-Electronic Components & Hardware;DE0005498901;
DEAG DEUTSCHE ENTERTAINMENT AG O.N.;LOUD.DE;DE;Media-Movies & Entertainment;DE000A0Z23G6;
DELIVERY HERO SE NA O.N.;DHER.DE;DE;Retail-Retail; Internet;DE000A2E4K43
DELTICOM AG  NA O.N.;DEX.DE;DE;Retail-Retail; Internet;DE0005146807
DEMIRE DEUTSCHE MITTELSTAND REAL ESTATE AG;DMRE.DE;DE;Financial Services-Real Estate;DE000A0XFSF0;
DERMAPHARM HOLDING INH O.N.;DMP.DE;DE;Pharma & Healthcare-Pharmaceuticals;DE000A2GS5D8;
DEUTSCHE BANK AG NA O.N.;DBK.DE;DE;Banks-Credit Banks;DE0005140008;
DEUTSCHE BOERSE NA O.N.;DB1.DE;DE;Financial Services-Securities Brokers;DE0005810055;
DEUTSCHE EUROSHOP NA O.N.;DEQ.DE;DE;Financial Services-Real Estate;DE0007480204;
DEUTSCHE INDUSTRIE REIT-AG INH O.N.;JB7.DE;DE;Financial Services-Real Estate;DE000A2G9LL1;
DEUTSCHE KONSUM REIT-AG;DKG.DE;DE;Financial Services-Real Estate;DE000A14KRD3;
DEUTSCHE PFANDBRIEFBANK AG;PBB.DE;DE;Banks-Credit Banks;DE0008019001;
DEUTSCHE POST AG NA O.N.;DPW.DE;DE;Transportation & Logistics-Logistics;DE0005552004;
DEUTSCHE TELEKOM AG NA;DTE.DE;DE;Telecommunication-Fixed-Line Telecommunication;DE0005557508;
DEUTSCHE WOHNEN SE INH;DWNI.DE;DE;Financial Services-Real Estate;DE000A0HN5C6;
DEUTZ AG O.N.;DEZ.DE;DE;Industrial-Industrial Machinery;DE0006305006;
DFV DEUTSCHE FAMILIENVERSICHERUNG  O.N.;DFV.DE;DE;Insurance-Insurance;DE000A2NBVD5;
DIALOG SEMICONDUCTOR PLC   LS-;DLG.DE;DE;Technology-Semiconductors;GB0059822006;
DIEBOLD NIXDORF DL 1;DBD.DE;DE;Technology-Electronic Components & Hardware;US2536511031;
DR. HOENLE AG O.N.;HNL.DE;DE;Industrial-Advanced Industrial Equipment;DE0005157101;
DRAEGERWERK ST.A.O.N.;DRW8.DE;DE;Pharma & Healthcare-Medical Technology;DE0005550602;
DRAEGERWERK VZO O.N.;DRW3.DE;DE;Pharma & Healthcare-Medical Technology;DE0005550636;
DT.BETEILIG.AG   NA O.N.;DBAN.DE;DE;Financial Services-Private Equity & Venture Capital;DE000A1TNUT7;
DUERR AG O.N.;DUE.DE;DE;Industrial-Industrial Machinery;DE0005565204;
DWS GROUP GMBH+CO.KGAA ON;DWS.DE;DE;Financial Services-Diversified Financial;DE000DWS1007;
E.ON SE NA O.N.;EOAN.DE;DE;Utilities-Multi-Utilities;DE000ENAG999;
ECKERT+ZIEGLER AG O.N.;EUZ.DE;DE;Pharma & Healthcare-Medical Technology;DE0005659700;
ECOTEL COMMUNICATION AG;E4C.DE;DE;Telecommunication-Fixed-Line Telecommunication;DE0005854343;
EINHELL GERMANY VZO O.N.;EIN3.DE;DE;Consumer-Home Construction & Furnishings;DE0005654933;
ELMOS SEMICONDUCTOR INH O.N.;ELG.DE;DE;Technology-Semiconductors;DE0005677108;
ELRINGKLINGER AG NA O.N.;ZIL2.DE;DE;Automobile-Auto Parts & Equipment;DE0007856023;
ELUMEO SE;ELB.DE;DE;Retail-Retail; Internet;DE000A11Q059
ENCAVIS AG  INH. O.N.;CAP.DE;DE;Financial Services-Diversified Financial;DE0006095003;
EPIGENOMICS AG NA O.N.;ECX.DE;DE;Pharma & Healthcare-Biotechnology;DE000A11QW50;
EVONIK INDUSTRIES NA O.N.;EVK.DE;DE;Chemicals-Chemicals; Specialty;DE000EVNK013
EVOTEC SE  INH O.N.;EVT.DE;DE;Pharma & Healthcare-Biotechnology;DE0005664809;
FIELMANN AG O.N.;FIE.DE;DE;Retail-Retail; Specialty;DE0005772206
FIRST SENSOR AG O.N.;SIS.DE;DE;Technology-Semiconductors;DE0007201907;
FLATEXDEGIRO AG  NA O.N.;FTK.DE;DE;Financial Services-Securities Brokers;DE000FTG1111;
FORTEC ELEKTRO. O.N.;FEV.DE;DE;Technology-Electronic Components & Hardware;DE0005774103;
FRANCOTYP-POSTALIA HLDG;FPH.DE;DE;Industrial-Industrial Machinery;DE000FPH9000;
FRAPORT AG FFM.AIRPORT;FRA.DE;DE;Transportation & Logistics-Transportation Services;DE0005773303;
FREENET AG NA O.N.;FNTN.DE;DE;Telecommunication-Wireless Communication;DE000A0Z2ZZ5;
FRESENIUS MEDICAL CARE KGAA O.N.;FME.DE;DE;Pharma & Healthcare-Health Care;DE0005785802;
FRESENIUS SE+CO.KGAA O.N.;FRE.DE;DE;Pharma & Healthcare-Health Care;DE0005785604;
FUCHS PETROL.SE VZO O.N.;FPE3.DE;DE;Chemicals-Chemicals; Specialty;DE0005790430
FUCHS PETROLUB SE O.N.;FPE.DE;DE;Chemicals-Chemicals; Specialty;DE0005790406
GATEWAY R.EST.AG O.N.;GTY.DE;DE;Financial Services-Real Estate;DE000A0JJTG7;
GEA GROUP AG;G1A.DE;DE;Industrial-Industrial; Diversified;DE0006602006
GERATHERM O.N.;GME.DE;DE;Pharma & Healthcare-Medical Technology;DE0005495626;
GERRESHEIMER AG;GXI.DE;DE;Pharma & Healthcare-Health Care;DE000A0LD6E6;
GESCO AG NA O.N.;GSC1.DE;DE;Industrial-Industrial; Diversified;DE000A1K0201
GFT TECHNOLOGIES SE;GFT.DE;DE;Software-IT-Services;DE0005800601;
GIGASET AG O.N.;GGS.DE;DE;Technology -Communications Technology ;DE0005156004;
GK SOFTWARE  INH O.N.;GKS.DE;DE;Software-Software;DE0007571424;
GRAMMER AG O.N.;GMM.DE;DE;Automobile-Auto Parts & Equipment;DE0005895403;
GRENKE AG NA O.N.;GLJ.DE;DE;Financial Services-Diversified Financial ;DE000A161N30;
H+R KGAA  INH. O.N.;2HRA.DE;DE;Chemicals-Chemicals; Specialty;DE000A2E4T77
HAMBORNER REIT AG O.N.;HAB.DE;DE;Financial Services-Real Estate;DE0006013006;
HAMBURGER HAFEN UND LOGISTIK A-SP NA;HHFA.DE;DE;Transportation & Logistics-Transportation Services;DE000A0S8488;
HANNOVER RUECK SE NA O.N.;HNR1.DE;DE;Insurance-Re-Insurance;DE0008402215;
HAPAG-LLOYD AG NA O.N.;HLAG.DE;DE;Transportation & Logistics-Logistics;DE000HLAG475;
HAWESKO HOLDING  INH O.N.;HAW.DE;DE;Retail-Retail; Food & Drug;DE0006042708
HEIDELBERG PHARMA AG O.N.;WL6.DE;DE;Pharma & Healthcare-Biotechnology;DE000A11QVV0;
HEIDELBERGCEMENT AG O.N.;HEI.DE;DE;Construction-Building Materials;DE0006047004;
HEIDELBERGER DRUCKMASCHINEN .O.N.;HDD.DE;DE;Industrial-Industrial Machinery;DE0007314007;
HELLA GMBH+CO. KGAA O.N.;HLE.DE;DE;Automobile-Auto Parts & Equipment;DE000A13SX22;
HELLOFRESH SE  INH O.N.;HFG.DE;DE;Retail-Retail; Internet;DE000A161408
HENKEL AG+CO.KGAA ST O.N.;HEN.DE;DE;Consumer-Personal Products;DE0006048408;
HENKEL AG+CO.KGAA VZO;HEN3.DE;DE;Consumer-Personal Products;DE0006048432;
HENSOLDT AG NA O.N.;5UH.DE;DE;Technology-Semiconductors;DE000HAG0005;
HOCHTIEF AG;HOT.DE;DE;Construction-Construction & Engineering;DE0006070006;
HOLIDAYCHECK GROUP AG;HOC.DE;DE;Software-Internet;DE0005495329;
HOME24 SE  INH O.N.;H24.DE;DE;Retail-Retail; Internet;DE000A14KEB5
HORNBACH BAUMARKT AG O.N.;HBM.DE;DE;Retail-Retail; Specialty;DE0006084403
HORNBACH HOLDING ST O.N.;HBH.DE;DE;Retail-Retail; Specialty;DE0006083405
HUGO BOSS AG NA O.N.;BOSS.DE;DE;Consumer-Clothing & Footwear;DE000A1PHFF7;
HYPOPORT SE  NA O.N.;HYQ.DE;DE;Financial Services-Diversified Financial;DE0005493365;
INDUS HOLDING AG;INH.DE;DE;Industrial -Industrial; Diversified;DE0006200108
INFINEON TECH.AG NA O.N.;IFX.DE;DE;Technology-Semiconductors;DE0006231004;
INIT INNOVATION O.N.;IXX.DE;DE;Technology-Electronic Components & Hardware;DE0005759807;
INSTONE REAL ESTATE GROUP O.N.;INS.DE;DE;Financial Services-Real Estate;DE000A2NBX80;
INTERSHOP COMMUNICATIONS INH O.N.;ISH2.DE;DE;Software-Internet;DE000A254211;
INTICA SYSTEMS AG;IS7.DE;DE;Technology-Electronic Components & Hardware;DE0005874846;
INVISION AG;IVX.DE;DE;Software-Software;DE0005859698;
ISRA VISION O.N.;ISR.DE;DE;Software-Software;DE0005488100;
IVU TRAFFIC TECHN.AG O.N.;IVU.DE;DE;Software-IT-Services;DE0007448508;
JENOPTIK AG  NA O.N.;JEN.DE;DE;Industrial-Advanced Industrial Equipment;DE000A2NB601;
JOST WERKE AG INH.   O.N.;JST.DE;DE;Automobile-Auto Parts & Equipment;DE000JST4000;
JUNGHEINRICH AG O.N.VZO;JUN3.DE;DE;Industrial-Industrial Machinery;DE0006219934;
K+S AG NA O.N.;SDF.DE;DE;Chemicals-Chemicals; Commodity;DE000KSAG888
KAP AG  INH O.N.;IUR.DE;DE;Financial Services-Diversified Financial;DE0006208408;
KION GROUP AG;KGX.DE;DE;Industrial-Heavy Machinery;DE000KGX8881;
KLOECKNER + CO SE NA O.N.;KCO.DE;DE;Industrial-Industrial Products & Services;DE000KC01000;
KNAUS TABBERT AG NA O.N.;KTA.DE;DE;Automobile-Automobile Manufacturers;DE000A2YN504;
KNORR-BREMSE AG  INH O.N.;KBX.DE;DE;Industrial-Industrial; Machinery;DE000KBX1006
KOENIG + BAUER AG ST O.N.;SKB.DE;DE;Industrial-Industrial Machinery;DE0007193500;
KPS AG NA O.N.;KSC.DE;DE;Software-IT-Services ;DE000A1A6V48;
KRONES AG O.N.;KRN.DE;DE;Industrial-Industrial Machinery;DE0006335003;
KUKA AG;KU2.DE;DE;Industrial-Industrial Machinery;DE0006204407;
KWS SAAT KGAA  INH O.N.;KWS.DE;DE;Industrial-Industrial Products & Services;DE0007074007;
LANXESS AG;LXS.DE;DE;Chemicals-Chemicals; Specialty;DE0005470405
LEG IMMOBILIEN AG NA O.N.;LEG.DE;DE;Financial Services-Real Estate;DE000LEG1110;
LEIFHEIT AG O.N.;LEI.DE;DE;Consumer-Household Appliances & Housewares;DE0006464506;
LEONI AG NA O.N.;LEO.DE;DE;Automobile-Auto Parts & Equipment;DE0005408884;
LPKF LASER+ELECTRONICS;LPK.DE;DE;Industrial-Advanced Industrial Equipment;DE0006450000;
LUDW.BECK A.RATHAUSECK;ECK.DE;DE;Retail-Retail; Multiline;DE0005199905
LUFTHANSA AG VNA O.N.;LHA.DE;DE;Transportation & Logistics-Airlines;DE0008232125;
MANZ AG;M5Z.DE;DE;Industrial-Advanced Industrial Equipment;DE000A0JQ5U3;
MASTERFLEX O.N.;MZX.DE;DE;Industrial-Industrial Products & Services;DE0005492938;
MAX AUTOMATION SE NA O.N.;MXHN.DE;DE;Industrial-Industrial; Diversified;DE000A2DA588
MBB SE O.N.;MBB.DE;DE;Industrial-Industrial; Diversified;DE000A0ETBQ4
MEDICLIN AG;MED.DE;DE;Pharma & Healthcare-Health Care;DE0006595101;
MEDIGENE AG NA O.N.;MDG1.DE;DE;Pharma & Healthcare-Biotechnology;DE000A1X3W00;
MEDIOS AG  O.N.;ILM1.DE;DE;Pharma & Healthcare-Pharmatceuticals;DE000A1MMCC8;
MERCK KGAA O.N.;MRK.DE;DE;Pharma & Healthcare-Pharmatceuticals;DE0006599905;
METRO AG   ST O.N.;B4B.DE;DE;Retail-Retail; Multiline;DE000BFB0019
METRO AG   VZO O.N.;B4B3.DE;DE;Retail-Retail; Multiline;DE000BFB0027
MLP SE  INH. O.N.;MLP.DE;DE;Financial Services-Diversified Financial;DE0006569908;
MORPHOSYS AG O.N.;MOR.DE;DE;Pharma & Healthcare-Biotechnology;DE0006632003;
MTU AERO ENGINES NA O.N.;MTX.DE;DE;Industrial-Heavy Machinery;DE000A0D9PT0;
MUENCH.RUECKVERSICHERUNGS GESELLSCHAFT.VNA O.N.;MUV2.DE;DE;Insurance-Re-Insurance;DE0008430026;
MVV ENERGIE AG NA O.N.;MVV1.DE;DE;Utilities-Multi-Utilities;DE000A0H52F5;
NEMETSCHEK SE O.N.;NEM.DE;DE;Software-Software;DE0006452907;
NEW WORK SE  NA O.N.;NWO.DE;DE;Software-Internet;DE000NWRK013;
NEXUS AG O.N.;NXU.DE;DE;Software-Software;DE0005220909;
NFON AG  INH O.N.;NFN.DE;DE;Telecommunication-Wireless Telecommunication;DE000A0N4N52;
NORDEX SE O.N.;NDX1.DE;DE;Industrial-Renewable Energies;DE000A0D6554;
NORMA GROUP SE NA O.N.;NOEJ.DE;DE;Industrial-Industrial Products & Services;DE000A1H8BV3;
OHB SE   O.N.;OHB.DE;DE;Technology-Communications Technology;DE0005936124;
OSRAM LICHT AG NA O.N.;OSR.DE;DE;Industrial-Industrial; Diversified;DE000LED4000
OVB HOLDING AG;O4B.DE;DE;Financial Services-Diversified Financial;DE0006286560;
PAION O.N;PA8.DE;DE;Pharma & Healthcare-Biotechnology;DE000A0B65S3;
PARAGON KGAA  INH O.N.;PGN.DE;DE;Automobile-Auto Parts & Equipment;DE0005558696;
PATRIZIA AG NA ON;PAT.DE;DE;Financial Services-Real Estate;DE000PAT1AG3;
PFEIFFER VACUUM TECH.O.N.;PFV.DE;DE;Industrial-Advanced Industrial Equipment;DE0006916604;
PHARMASGP HOLDING SE O.N.;PSG.DE;DE;Pharma & Healthcare-Pharmaceuticals;DE000A2P4LJ5;
PNE AG  NA O.N.;PNE3.DE;DE;Industrial-Renewable Energies;DE000A0JBPG2;
PROCREDIT HOLDING AG NA EO 5;PCZ.DE;DE;Banks-Credit Banks;DE0006223407;
PROGRESS-WERK OBERKIRCH. O.N.;PWO.DE;DE;Automobile-Auto Parts & Equipment;DE0006968001;
PROSIEBENSAT.1  NA O.N.;PSM.DE;DE;Media-Broadcasting;DE000PSM7770;
PSI SOFTWARE AG NA O.N.;PSAN.DE;DE;Software-Software;DE000A0Z1JH9;
PUMA SE;PUM.DE;DE;Consumer-Clothing & Footwear;DE0006969603;
PVA TEPLA AG O.N.;TPE.DE;DE;Industrial -Advanced Industrial Equipment ;DE0007461006;
Q.BEYOND AG NA O.N.;QSC.DE;DE;Technology-Communications Technology;DE0005137004;
R. STAHL AG NA O.N.;RSL2.DE;DE;Industrial-Industrial Products & Services;DE000A1PHBB5;
RATIONAL AG;RAA.DE;DE;Industrial-Industrial Products & Services ;DE0007010803;
RHEINMETALL AG;RHM.DE;DE;Industrial-Industrial; Diversified;DE0007030009
RHOEN-KLINIKUM O.N.;RHK.DE;DE;Pharma & Healthcare-Health Care;DE0007042301;
RIB SOFTWARE SE  NA EO 1;RIB.DE;DE;Software-Software;DE000A0Z2XN6;
RWE AG   INH O.N.;RWE.DE;DE;Utilities-Multi-Utilities;DE0007037129;
SALZGITTER AG O.N.;SZG.DE;DE;Basic Resources-Steel & Other Metals;DE0006202005;
SAP SE O.N.;SAP.DE;DE;Software-Software;DE0007164600;
SARTORIUS AG O.N.;SRT.DE;DE;Pharma & Healthcare -Biotechnology;DE0007165607;
SARTORIUS AG VZO O.N.;SRT3.DE;DE;Pharma & Healthcare -Biotechnology;DE0007165631;
SCHAEFFLER AG INH. VZO;SHA.DE;DE;Automobile-Auto Parts & Equipment;DE000SHA0159;
SCHALTBAU HOLDING NA O.N;SLT.DE;DE;Industrial-Industrial Machinery;DE000A2NBTL2;
SCOUT24 AG NA O.N.;G24.DE;DE;Media-Advertising;DE000A12DM80;
SECUNET SECURITY AG O.N.;YSN.DE;DE;Software-IT-Services;DE0007276503;
SERVICEWARE SE  INH O.N.;SJJ.DE;DE;Software-Software;DE000A2G8X31;
SFC ENERGY AG;F3C.DE;DE;Industrial-Renewable Energies;DE0007568578;
SGL CARBON SE O.N.;SGL.DE;DE;Chemicals-Chemicals; Specialty;DE0007235301
SIEMENS AG  NA O.N.;SIE.DE;DE;Industrial-Industrial; Diversified;DE0007236101
SIEMENS ENERGY AG NA O.N.;ENR.DE;DE;Industrial-Industrial;DE000ENER6Y0;
SIEMENS HEALTH.AG NA O.N.;SHL.DE;DE;Pharma & Healthcare-Medical Technology;DE000SHL1006;
SILTRONIC AG NA O.N.;WAF.DE;DE;Technology-Semiconductors;DE000WAF3001;
SINGULUS TECHNOL. EO 1;SNG.DE;DE;Industrial-Advanced Industrial Equipment;DE000A1681X5;
SIXT LEASING O.N.;LNSX.DE;DE;Financial Services-Diversified Financial;DE000A0DPRE6;
SIXT SE ST O.N.;SIX2.DE;DE;Transportation & Logistics-Transportation Services;DE0007231326;
SIXT SE VZO O.N.;SIX3.DE;DE;Transportation & Logistics-Transportation Services;DE0007231334;
SLM SOLUTIONS GRP AG;AM3D.DE;DE;Industrial-Advanced Industrial Equipment;DE000A111338;
SMA SOLAR TECHNOL.AG;S92.DE;DE;Industrial-Renewable Energies;DE000A0DJ6J9;
SMT SCHARF AG;S4A.DE;DE;Industrial-Heavy Machinery;DE0005751986;
SNP SCHNEIDER-NEUREITHER O.N.;SHF.DE;DE;Software-IT-Services;DE0007203705;
SOFTING AG O.N.;SYT.DE;DE;Software-IT- Services;DE0005178008;
SOFTWARE AG  NA O.N.;SOW.DE;DE;Software-Software;DE000A2GS401;
STEMMER IMAGING AG INH ON;S9I.DE;DE;Software-IT-Services;DE000A2G9MZ9;
STRATEC SE  NA O.N.;SBS.DE;DE;Pharma & Healthcare-Medical Technology;DE000STRA555;
STROEER SE + CO. KGAA;SAX.DE;DE;Media-Advertising;DE0007493991;
SUEDZUCKER AG  O.N.;SZU.DE;DE;Food & Beverages-Food;DE0007297004;
SUESS MICROTEC SE NA O.N.;SMHN.DE;DE;Technology-Semiconductors;DE000A1K0235;
SURTECO GROUP SE INH O.N.;SUR.DE;DE;Basic Resources-Forest & Paper Products;DE0005176903;
SYMRISE AG INH. O.N.;SY1.DE;DE;Chemicals-Chemicals; Specialty;DE000SYM9999
SYZYGY AG O.N.;SYZ.DE;DE;Software-IT-Services;DE0005104806;
TAG IMMOBILIEN AG;TEG.DE;DE;Financial Services-Real Estate;DE0008303504;
TAKKT AG O.N.;TTK.DE;DE;Retail-Retail; Catalog;DE0007446007
TALANX AG NA O.N.;TLX.DE;DE;Insurance-Re-Insurance;DE000TLX1005;
TEAMVIEWER AG  INH O.N.;TMV.DE;DE;Software-Software;DE000A2YN900;
TECHNOTRANS SE NA O.N.;TTR1.DE;DE;Industrial-Advanced Industrial Equipment;DE000A0XYGA7;
TELE COLUMBUS AG NA O.N.;TC1.DE;DE;Media-Broadcasting;DE000TCAG172;
TELEFONICA DEUTSCHLAND HOLDING NA;O2D.DE;DE;Telecommunication-Wireless Communication;DE000A1J5RX9;
TELES AG INFORMATIONSTECHNOLOGIEN ON;TLIK.DE;DE;Software-Internet;DE000A289B07;
THYSSENKRUPP AG O.N.;TKA.DE;DE;Industrial-Industrial; Diversified;DE0007500001
TRATON SE   INH O.N.;8TRA.DE;DE;Industrial-Heavy Machinery;DE000TRAT0N7;
UNIPER SE  NA O.N.;UN01.DE;DE;Utilities-Multi-Utilities;DE000UNSE018;
UNITED INTERNET AG NA;UTDI.DE;DE;Software-Internet;DE0005089031;
UNITED LABELS O.N.;ULC.DE;DE;Retail-Retail; Specialty;DE0005489561
USU SOFTWARE AG;OSP2.DE;DE;Software-Software;DE000A0BVU28;
VA-Q-TEC AG NA O.N.;VQT.DE;DE;Industrial-Containers & Packaging;DE0006636681;
VARTA AG O.N.;VAR1.DE;DE;Industrial-Advanced Industrial Equipment;DE000A0TGJ55;
VERBIO VER.BIOENERGIE  ON;VBK.DE;DE;Industrial-Renewable Energies;DE000A0JL9W6;
VILLEROY + BOCH AG VZ;VIB3.DE;DE;Consumer-Household Appliances & Housewares;DE0007657231;
VISCOM AG O.N.;V6C.DE;DE;Industrial-Advanced Industrial Equipment;DE0007846867;
VITA 34 AG NA O.N.;V3V.DE;DE;Pharma & Healthcare-Healthcare;DE000A0BL849;
VOLKSWAGEN AG ST O.N.;VOW.DE;DE;Automobile-Automobile Manufacturers;DE0007664005;
VOLKSWAGEN AG VZO O.N.;VOW3.DE;DE;Automobile-Automobile Manufacturers;DE0007664039;
VOLTABOX AG  INH. O.N.;VBX.DE;DE;Industrial-Advanced Industrial Equipment;DE000A2E4LE9;
VONOVIA SE NA O.N.;VNA.DE;DE;Financial Services-Real Estate;DE000A1ML7J1;
VOSSLOH AG O.N.;VOS.DE;DE;Industrial-Industrial Products & Services;DE0007667107;
WACKER CHEMIE        O.N.;WCH.DE;DE;Chemicals-Chemicals; Specialty;DE000WCH8881
WACKER NEUSON SE NA O.N.;WAC.DE;DE;Industrial-Industrial Machinery;DE000WACK012;
WASHTEC AG O.N.;WSU.DE;DE;Industrial-Industrial Machinery;DE0007507501;
WESTWING GROUP  INH. O.N.;WEW.DE;DE;Retail-Retail; Internet;DE000A2N4H07
WINDELN.DE SE  INH O.N.;WDL.DE;DE;Retail-Retail; Internet;DE000WNDL201
WUESTENROT+WUERTTEMBERGISCHE AG O.N.;WUW.DE;DE;Banks-Mortgage Banks;DE0008051004;
YOC AG O.N.;YOC.DE;DE;Telecommunication-Telecommunication Services;DE0005932735;
ZALANDO SE;ZAL.DE;DE;Retail-Retail;Internet;DE000ZAL1111
ZEAL NETWORK SE NA O.N.;TIMA.DE;DE;Retail-Retail; Internet;DE000ZEAL241
ZOOPLUS AG;ZO1.DE;DE;Retail-Retail; Internet;DE0005111702
